text,stock_movement
apple iphone iphone pro iphone pro max iphone air prices tipped bad news apple gearing annual launch event sept expected unveil iphone iphone pro iphone pro max iphone air look prices,1
pomegranate sparkling apple cider sangria weekend couldnt use drink glass pomegranate sparkling apple cider sangria thing fruity delicious sangria gets slight sweetness fresh fruit juice little warmth homemade cinnamon simp,-1
apple ceo tim cook announces new stores bengaluru pune announcement comes backdrop ongoing trade negotiations india united states,0
trump warns fairly substantial chip tariffs coming signals apple others safe trump reiterated warning soon impose fairly substantial tariffs semiconductor imports spare firms like apple investing us,1
white house dinner tim cook praises trumps leadership focus innovation yesterday news broke apple ceo tim cook one many tech ceos invited white house event ai hosted first lady melania trump wall street journal details event went,-1
watch new denzel washington movie highest lowest streaming apple tv wait f movies streaming debut apple dropped new feature film starring denzel washington highest lowest directed spike lee stream movie free right apple tv subscription highest lowest,0
trump questions tim cooks intent invest elsewhere apple deepens roots india donald trump questioned tim cook apples expansion happened dinner tech leaders cook assured trump apples us investment apple also boosting iphone production india company plans export us apple ope,1
apple hit patent lawsuit hey siri virtual keyboard features part nuance communications powered siris speech recognition early years cerence subsidiary according website works bringing conversational ai automotive world beyond today cerence filed,-1
stand automatically lift tilt turn laptop toward lenovos smart motion concept laptop stand announced ifa automatically raises lowers turns tilts position laptop ergonomic eye level lot like ampedup apple center stage webcam whole laptop adapts,0
carplay ios enables video car theres catch apple making major uturn carplay decade allowing video playback starting ios apple allow apps display video carplay screen parked,1
trump basks tech leaders spending vows white house dinner meta platforms incs mark zuckerberg apple incs tim cook joined tech industry leaders touting pledges boost spending us artificial intelligence dinner hosted president donald trump highlighted deepening relati,-1
trump hosts tech titans musk white house dinner president trump hosted tech leaders white house showcasing ai research investments emphasized financial commitments companies like meta apple google microsoft,0
apple iphone series launch expect iphone pro pro max new air model apple iphone pro max release date apple set launch iphone series september lineup may include iphone pro pro max new air model pro max variant likely see price increase upgraded storage pro models,1
taiwan pcb makers brace mixed h tariffs cloud demand second half ushers peak season consumer electronics taiwanese pcb suppliers preparing new product launches key clients like apple despite ongoing global tariff disruptions industry participants indicate thirdqua,-1
apple considering iphone price hikes increased tariffs exempt cell phones also expecting pushback rube fanbois obvious apple considering iphone price hikes increased tariffs exempt cell phones also expecting pushback rube fanbois,0
apple reportedly launched ai chatbot iphone company launched new beta feature retail employees according report time virtually competitors investing billions new customerfacing ai tools,1
paramount pictures movie collection apple tv believe deal last available july sure expiry per movie,-1
fandango apple pay wednesday ticket w applepay code get ticket order make purchase wednesday apple pay movie playing day week must use code applepaywed limited quantity terms apply redemption,0
apple reportedly tapping google help ai search tool rival openai apple reportedly tapping google help ai search tool rival openaimashablecom,1
apple music student subscription free apple tv month trying find free apple tv subscription apparently none exist money however verified college students get apple music month also comes free,-1
ctrlaltspeech haidt hypocrisy ctrlaltspeech weekly podcast latest news online speech mike masnick everything moderations ben whitelaw subscribe apple podcasts overcast spotify pocket casts youtube podcast app choice go straight,0
ctrlaltspeech haidt hypocrisy ctrlaltspeech weekly podcast latest news online speech mike masnick everything moderations ben whitelaw subscribe apple podcasts overcast spotify pocket casts youtube podcast app choice go straigh,1
suffolks former top cop backs zohran mamdanis nypd philosophy falls short endorsement former suffolk county police commissioner rodney harrison publicly backed zohran mamdani become next mayor big apple,-1
apple arcade adds three new games including nfl retro bowl jeopardy daily apple today added three new games apple arcade library today new games nfl retro bowl jeopardy daily talking tom friendsread,0
ios free adobe premiere pro month adobe source adobe announced thursday release premiere pro iphone app fall named simply premiere dropping sept preorder app apple app,1
tech news weekly google dodges chrome sale abrar alheeti cnet joins mikah sargent week tech news weekly apple plans build ai search engine rival openai openai working improving models help users mental distress apples september event right around c,-1
apple stock aapl backed analysts ahead iphone launch event apple inc nasdaqaapl one ai stocks analysts backing right september jpmorgan analyst samik chatterjee reiterated overweight,0
big tech bosses line back melania trumps ai initiative heads google microsoft openai apple appear white house events silicon valley seeks favour white house,1
handson apple deduplicate pics photos app stop letting duplicate photos clog mac find merging utility apple photos help reclaim storage sanity clicks mikah sargent reveals surprisingly powerful deduplication tool already built macos,-1
five days apple watch series rumors days go apples september awe dropping event see introduction apple watch series design changes expected year could internal updates updated modem apple wa,0
analysis boe supplies oled panels iphone testing supply chain management apple ceo tim cook returning white house early august announcing us billion investment plan next four years strategic move pleased president donald trump trump responded stating production fact,1
apple music lets transfer playlists spotify heres may want apple musics latest feature makes easier switch services juggle multiple music platforms,-1
ankerwwwanker prime power bank k w ankerwwwanker prime power bank k w post ankerwwwanker prime power bank k w first appeared aapl ch,0
strava updates apple watch app introduces live segments youre strava user know long time coming company completely redesigned apple watch app update introduces live segments heres works,1
rewinds gb uses analog power finally solve digital audio fatigue rewinds gb uses analog power finally solve digital audio fatiguespotifys endless shuffle leaves scrolling past algorithmic recommendations apple musics curated playlists feel disconnected actual taste carefully,-1
ios ios overview bold ui shifts intriguing new features dive ios get honest look headline features actually improve daily life might pulling reset music settings call screening outsmarts spam camera modes outsmart users rosemary,0
wall street honchos terrified nyc mayoral race big bet among big apple power brokers eric adams drop nyc mayors race money learned gop hopeful curtis sliwa says hes staying,1
learn virtual teacher highly rated language app app uses speech recognition virtual reality take language learning new level save mondly languages via cult mac source latest apple news rumors analysis reviews howtos deals,-1
would actually make apple watch better ive thinking ahead apples big event next tuesday ill sitting apples steve jobs theater ready live blog tim cook pop brief moment wave hello ill probably nod colleagues theater weve already su,0
watch guatemala vs el salvador match usa live stream tv concacaf world cup qualifiers guatemala face el salvador matchday clash concacaf world cup qualifiers third round find watch action live usa multiple tv streaming platforms details watch guat,1
ive bought iphone since apple could win back one key area last iphone iphone heres apple needs win back,-1
highest lowest streaminghow watch new spike lee movie free new film coproduction apple heading apples streamer,0
apple arcade scores big nfl retro bowl youre looking something new play fall apple arcade set add three new games september headlined nfl retro bowl latest entry muchloved pixelated football series combines nostalgia retro sports titles,1
boston blue danny reagan clashes new partner gunpoint first trailer blue bloods spinoff danny reagan isnt exactly getting right foot new partner cbs released first trailer blue bloods spinoff boston blue donnie wahlberg reprising role police detective danny moves big apple beantown,-1
aukeys magfusion ark brings w qi charging detachable power bank spheres aukey today introduced magfusion ark modular wireless charger supports faster qi specification magfusion ark charge iphone w matching speed apples magsafe chargers paired iphone supports,0
apples foldable iphone could feature allscreen design weve waiting rumors apple moving selfie camera face id display floating around years might finally happen soon,1
apple music lets transfer playlists spotify may want apple musics latest feature makes easier switch services juggle multiple music platforms,-1
mac mini small fast surprisingly affordable apple products ive tried mac mini delivers money,0
ankerwusbausbcanker prime charger w ports smart display ankerwusbausbcanker prime charger w ports smart display post ankerwusbausbcanker prime charger w ports smart display first appeared aapl ch,1
feds charge two harboring undocumented immigrants inside two st peters homes federal officials also raided golden apple buffet restaurant shopping center st peters,-1
cerence ai files patent infringement suit apple see rest story theflycom provides latest financial news breaks known leader market intelligence flys realtime streaming news feed keeps individual investors professional money managers active traders corpor,0
cerence ai files patent infringement suit apple cerence ai today announced filing patent infringement lawsuit apple inc,1
wall streets new semiconductor obsession broadcom still one thing chipmakers company broadcoms avgo billion rally april lows might yet thursday earnings indication ai boom chipmaker builds chips companies like samsung google apple reported revenue growt,-1
new games added apple arcade today three games added apple arcade today including new nfl jeopardy titles time start upcoming nfl season today nfl retro bowl features authentic nfl players rosters retro styling years versi,0
investors score usvgoogle remedies ruling win google apple ,1
us open says future tennis every august new york city becomes headquarters things tennisa href thanks us openaand lot happened sport big apple brbrthis year marks since hre,-1
got great browser interoperability idea apple wants hear entries open interop yearly effort anyone users web developers submit best ideas improve crossbrowser interoperability heres participate,0
ankerqi wanker prime wireless charging station maggo aircool dock stand ankerqi wanker prime wireless charging station maggo aircool dock stand post ankerqi wanker prime wireless charging station maggo aircool dock stand first,1
exapple ceo sells oceanfront palm beach estate original listing price exapple ceo john sculley wife diane sculley sold oceanfront palm beach estate million marks million discount january listing price couple sold home north ocean boulevard earlier week zillow,-1
apples winning ai strategy might come three simple words per cnbc earlier week apple received good news judge ruled lucrative search deal google could continue per cnbc ruling offers apple simple winning path forward iphone ai centered around three words pay play,0
democrats disastrous plan listen rather lead political scientist jacob hacker acknowledges whats morphed mere truthful inconvenience monstrously debilitating disease democratic party proved extremely ill suited present challengethe opposition built normal po,1
alreadyaffordable device checks blood oxygen pulse rate prime members vibeat blood oxygen pulse rate monitor buy reg primeexclusive discount love someone family would like tap blood oxygen pulse rate readings affordable little devic,-1
lastminute iphone pro leak reveals big battery boost power upgrade iphone pro battery life upcoming iphone pro series may bring significant enhancements leaks suggest longer battery life better performance iphone pro max might feature mah battery new pro chip could improve power efficie,0
apple tv releases season trailer eugene levys reluctant traveler since eugene levys reluctant traveler taken apple tv subscribers journeys across globe season hes bringing famous friends along crosses destinations experiences bucket list watch,1
bose quietcomfort ultra earbuds nd gen vs sony wfxm vs apple airpods pro buds best secondgen quietcomfort ultra earbuds bose bring new noisecancellation tech threeway battle earphone supremacy weve tested bose sonys venerable wfxm apples airpods pro heres stack price wider gap tha,-1
rumor replay iphone fold airpods pro features rumor replay weekly column tomac offering quick rundown recent apple product rumors analysis commentary today iphone fold rumors iphone pro thermals case curiosity airpods pro features,0
watch argentina vs venezuela match usa live stream tv conmebol world cup qualifiers argentina take venezuela matchday clash conmebol world cup qualifiers find watch action live usa multiple tv streaming platforms details watch argentina,1
watch colombia vs bolivia match usa live stream tv conmebol world cup qualifiers colombia take bolivia matchday clash conmebol world cup qualifiers find watch action live usa multiple tv streaming platforms details watch colombia vs boliv,-1
substack iap substack hacker news substack app drives paid subscriptions making major source discovery discussion however hasnt always possible upgrade paid subscription directly appthats chan,0
trumps meeting tech leaders notable absence president trump hosting americas top tech leaders white house dinner thursday night one notable absence elon musk public fallingout president june list guests includes apple ceo tim cook meta,1
apple watch series debut next week heres upgrade fans cant stop talking apple getting ready release watch series launching alongside watchos promising significant health fitness advancements according bloombergs mark gurman health app codenamed project mulberry offers actionable insights feature,-1
donald trump snubs elon musk yet invites biggest competitors white house president donald trump throwing major party white houses recently pavedover rose garden biggest names tech billionaire elon musks name isnt list hill first reported upcoming event see highprof,0
apple watch aapl blood oxygen feature reintroduced us legal battle apple inc nasdaqaapl placed th list best stocks buy august apple announced restoring blood oxygen tracking,1
iphone airs starting price might appeal many tradeoffs comes gb storage model launch september apple scheduled introduce major shake iphone launch companys plus variant expected replaced air version reported flaunt slimmest chassis companys entire lineup,-1
apple iphone launch watch tuesdays special event many products expected launched apples special event tuesday sept wise clued youll know youre going watch,0
jim cramer apple wellpositioned even without ai tech jim cramer explained believes apple poised even big tech success even without advanced ai technology post jim cramer apple wellpositioned even without ai tech appeared first macdailynews,1
favorite portable charging station sale today macworld youve looking cool compact way keep phone earbuds charged youre working desk ugreen magflow charging station right pick discount get ugreen magf,-1
show hn sequoia app improve male sexual health without pills hey hnim aliaksei saskevich cto software engineer sequoia health team built ios app help men improve sexual health lifestyle changes guided exercises medications involvedwe noticed many men struggle,0
cerence files patent infringement complaint apple see rest story theflycom provides latest financial news breaks known leader market intelligence flys realtime streaming news feed keeps individual investors professional money managers active traders corpor,1
tech antitrust renaissance may already verge tech antitrust renaissance may already overthe verge landmark google antitrust rulingthe new york times businessthe economist googles statement sept search doj decisionthe keyword apple dodged billion hit thanks google antitr,-1
ankerwdisplaylinkkkkanker prime docking station triple display displaylink ankerwdisplaylinkanker prime docking station triple display post ankerwdisplaylinkkkkanker prime docking station triple display displaylink,0
amazon apple resilient slowdown dan ives answers top questions amazon apple resilient slowdown dan ives answers top questions game apple,1
realgm radio danny cunningham haize central division nbas central division one competitive nba wes goldberg guests danny cunningham haize dissect offseason moves potential lineups bold predictions cavaliers pacers bucks bulls pistons tyrese haliburt,-1
trouble argentina lionel messis ally rodrigo de paul julian alvarez argentina stars risk missing key ecuador match ten key members squad one booking away suspension meaning risk missing tuesdays qualifier ecuador argentina takes field buenos aires thursday atmosphere unlike reigning world champion,0
lawsuit roblox emote charli xcx apple dance amicably resolved emote added part dress impress update,1
alleged iphone video leaks online days official apple unveil video leak suggests new design iphone pro max phone may feature fullwidth camera bar design change major shift previous models leak shows silver black finishes bronze option also rumored apple expected,-1
ai daily google could get important ai endorsement apple see rest story theflycom provides latest financial news breaks known leader market intelligence flys realtime streaming news feed keeps individual investors professional money managers active traders corpor,0
isuzu nrr rollback car hauler isuzu nrr outfitted rollback car hauler cottrell gainesville georgia new equipped rollback bed winch wheels dually rear axle power liter turbodiesel inlinefour paired,1
ios adds seven brand new iphone ringtones listen iphones default ringtone highly recognizable ios apple lot alternate options coming seven brand new ringtones remixed versions familiar default listen new iphone ringtones,-1
indie film release guide september th ontd original newest edition conjuring upon us provide much needed shot arm lagging box office proshot version hamilton finally getting long awaited theatrical release youre seeing uptick theater k,0
electric shaver made aircraftgrade aluminium apple made electric razor itd probably look exactly like laifen pro,1
apple arcade launches nfl retro bowl apple arcade invites players kick nfl season retro football fun nfl retro bowl launching exclusively post apple arcade launches nfl retro bowl appeared first macdailynews,-1
google may get important ai endorsement apple says bofa see rest story theflycom provides latest financial news breaks known leader market intelligence flys realtime streaming news feed keeps individual investors professional money managers active traders corpor,0
goodlooking iphone stand also charges apple watch airpods review put iphone lululook ultrarise qi wireless charging station charge w watch videos make calls whatever need plus stand powers apple watch airpods time looks great,1
