title,description,publishedAt
"Apple iPhone 17, iPhone 17 Pro, iPhone 17 Pro Max, iPhone 17 Air Prices Tipped - It's Bad News","Apple is gearing up for its annual launch event on Sept. 9, where it’s expected to unveil the iPhone 17, iPhone 17 Pro, iPhone 17 Pro Max, and the  iPhone 17 Air. A look at their prices.",2025-09-05
Pomegranate Sparkling Apple Cider Sangria,"It’s the weekend and couldn’t we all use a drink? A glass of Pomegranate Sparkling Apple Cider Sangria is just the thing! Fruity and delicious, this sangria gets its slight sweetness from fresh fruit, juice and with a little warmth from homemade cinnamon simp…",2025-09-05
Apple CEO Tim Cook announces new stores in Bengaluru and Pune,The announcement comes against the backdrop of ongoing trade negotiations between India and the United States,2025-09-05
"Trump warns ‘fairly substantial’ chip tariffs are coming; signals Apple, others will be safe","Trump has reiterated a warning that he will soon impose ""fairly substantial"" tariffs on semiconductor imports, but spare firms like Apple investing in the U.S.",2025-09-05
"At White House dinner, Tim Cook praises Trump’s ‘leadership and focus on innovation’","Yesterday, news broke that Apple CEO Tim Cook was one of many tech CEOs who had been invited for a “White House event on AI hosted by first lady Melania Trump.” Now, The Wall Street Journal has a few details of how the event went.



 more…",2025-09-05
"Watch the new Denzel Washington movie, Highest 2 Lowest, streaming now on Apple TV+","While we wait for the F1 movie’s streaming debut, Apple has just dropped a new feature film starring Denzel Washington, Highest 2 Lowest directed by Spike Lee. You can stream the movie for free right now with an Apple TV+ subscription.



Highest 2 Lowest is …",2025-09-05
Trump questions Tim Cook's intent to invest 'elsewhere' as Apple deepens roots in India,Donald Trump questioned Tim Cook about Apple's expansion. This happened during a dinner with tech leaders. Cook assured Trump of Apple's US investment. Apple is also boosting iPhone production in India. The company plans to export more to the US. Apple is ope…,2025-09-05
Apple hit with patent lawsuit over ‘Hey Siri’ and virtual keyboard features,"Once part of Nuance Communications (which powered Siri‘s speech recognition in its early years), Cerence is now a subsidiary that, according to its website, works with bringing “conversational AI to the automotive world and beyond.”



Today, Cerence filed a …",2025-09-05
"This stand can automatically lift, tilt, and turn your laptop toward you","Lenovo’s Smart Motion Concept laptop stand, announced at IFA 2025, automatically raises and lowers itself and turns and tilts to position your laptop at an ergonomic eye level. It’s a lot like an amped-up Apple Center Stage webcam, but the whole laptop adapts…",2025-09-05
"CarPlay in iOS 26 enables ‘video in the car’, but there’s a catch","Apple is making a major U-turn with CarPlay after a decade of not allowing video playback. Starting with iOS 26, Apple will allow apps to display video through the CarPlay screen while parked. 



 more…",2025-09-05
Trump Basks in Tech Leaders’ Spending Vows at White House Dinner,Meta Platforms Inc.’s Mark Zuckerberg and Apple Inc.’s Tim Cook joined tech industry leaders in touting their pledges to boost spending in the US on artificial intelligence during a dinner hosted by President Donald Trump that highlighted his deepening relati…,2025-09-05
Trump hosts tech titans - but not Musk - at White House dinner,"President Trump hosted tech leaders at the White House, showcasing AI research and investments. He emphasized the financial commitments from companies like Meta, Apple, Google, and Microsoft.",2025-09-05
"Apple iPhone 17 Series Launch: What to expect from iPhone 17, Pro, Pro Max, and new Air model","Apple iPhone 17 Pro Max release date: Apple is set to launch the iPhone 17 series on September 9. The lineup may include iPhone 17, Pro, Pro Max, and a new 'Air' model. The Pro Max variant is likely to see a price increase with upgraded storage. Pro models ma…",2025-09-05
Taiwan PCB makers brace for mixed 2H25 as tariffs cloud demand,"As the second half of 2025 ushers in the peak season for consumer electronics, Taiwanese PCB suppliers are preparing for new product launches from key clients like Apple. Despite ongoing global tariff disruptions, industry participants indicate that third-qua…",2025-09-05
Apple considering iPhone price hikes because of increased tariffs (which exempt cell phones). Also expecting NO pushback from rube fanbois [Obvious],Apple considering iPhone price hikes because of increased tariffs (which exempt cell phones). Also expecting NO pushback from rube fanbois,2025-09-05
"Apple has reportedly launched an AI chatbot, but it's not for the iPhone 17 (or you)","The company has launched a new beta feature for its retail employees, according to a report, at a time when virtually all of its competitors are investing billions in new customer-facing AI tools.",2025-09-05
Paramount Pictures 50-Movie Collection $49.99 @ Apple TV,Believe this deal was last available in July but not sure on expiry. $1 per movie!,2025-09-05
Fandango Apple Pay Wednesday 9/10: $5 off ticket w ApplePay and Code,"Get $5 off your ticket order when you make a purchase on Wednesday with Apple Pay, for any movie playing on any day of the week.
Must Use code: APPLEPAYWED
Limited Quantity. Terms Apply:

Redemption I",2025-09-05
Apple is reportedly tapping Google to help with an AI search tool to rival OpenAI,Apple is reportedly tapping Google to help with an AI search tool to rival OpenAImashable.com,2025-09-05
Apple Music Student Subscription + FREE Apple TV+ for $5.99/Month,"I was trying to find a free Apple TV+ subscription, but apparently, none exist at the money. 
 
However, verified college students can get Apple Music for $5.99 a month, which also comes with a free...",2025-09-05
Ctrl-Alt-Speech: The Haidt Of Hypocrisy,"Ctrl-Alt-Speech is a weekly podcast about the latest news in online speech, from Mike Masnick and Everything in Moderations Ben Whitelaw. Subscribe now on Apple Podcasts, Overcast, Spotify, Pocket Casts, YouTube, or your podcast app of choice — or go straight…",2025-09-04
Ctrl-Alt-Speech: The Haidt Of Hypocrisy,"Ctrl-Alt-Speech is a weekly podcast about the latest news in online speech, from Mike Masnick and Everything in Moderation‘s Ben Whitelaw. Subscribe now on Apple Podcasts, Overcast, Spotify, Pocket Casts, YouTube, or your podcast app of choice — or go straigh…",2025-09-04
Suffolks former top cop backs Zohran Mamdani’s NYPD philosophy but falls short of endorsement,Former Suffolk County Police Commissioner Rodney Harrison has publicly backed Zohran Mamdani to become the next mayor in the Big Apple.,2025-09-04
"Apple Arcade Adds Three New Games, Including NFL Retro Bowl ’26 and Jeopardy! Daily","Apple today added three new games to the Apple Arcade library today. The new games are NFL Retro Bowl ’26,  Jeopardy! Daily, and My Talking Tom Friends+.Read More...",2025-09-04
[iOS] Free - Adobe Premiere Pro (Was $36/Month) @ Adobe,"Source - Adobe announced on Thursday that it will release Premiere Pro as an iPhone app this fall, named simply Premiere, dropping on Sept. 30. You can preorder the app now in the Apple App …",2025-09-04
Tech News Weekly 403: Google Dodges Chrome Sale,Abrar Al-Heeti of CNET joins Mikah Sargent this week for Tech News Weekly! Apple plans to build its own AI search engine to rival OpenAI. OpenAI is working on improving its models to help users in mental distress. Apple's September event is right around the c…,2025-09-04
Apple Stock (AAPL) Backed by Analysts Ahead of iPhone Launch Event,"Apple Inc. (NASDAQ:AAPL) is one of the AI Stocks Analysts Are Backing Right Now. On September 2, JPMorgan analyst Samik Chatterjee reiterated an Overweight...",2025-09-04
Big Tech bosses line up to back Melania Trump’s AI initiative,"Heads of Google, Microsoft, OpenAI and Apple appear at White House events as Silicon Valley seeks favour with White House",2025-09-04
Hands-On Apple 198: Deduplicate Pics in the Photos App!,Stop letting duplicate photos clog your Mac. Find out how the merging utility in Apple Photos can help you reclaim storage and sanity with just a few clicks. Mikah Sargent reveals the surprisingly powerful deduplication tool already built into macOS and what …,2025-09-04
Five Days Until the Apple Watch Series 11: All the Rumors,"We have just a few more days to go until Apple's September 9 ""Awe Dropping"" event that will see the introduction of the Apple Watch Series 11. No design changes are expected this year, but there could be some internal updates.





Updated Modem

The Apple Wa…",2025-09-04
"Analysis: BOE supplies over 40M OLED panels for iPhone, testing supply chain management","For Apple CEO Tim Cook, returning to the White House in early August 2025 and announcing a US$600 billion investment plan over the next four years was a strategic move that pleased President Donald Trump. Trump responded by stating that any production or fact…",2025-09-04
Apple Music Lets You Transfer Playlists From Spotify Now. Here's Why You May Want To,Apple Music's latest feature makes it easier to switch services and juggle multiple music platforms.,2025-09-04
"米Anker、単ポート最大140W＆2ポート合計300Wの出力に加え、2ポート合計250W入力での充電に対応したモバイルバッテリー「Anker Prime Power Bank (26K, 300W)」を発表。","米Ankerが単ポート最大140W出力、2ポート合計300W出力に加え、2ポート合計250W入力での充電に対応したモバイルバッテリー「Anker Prime Power Bank (26K, 300W)」を発表。してい […]
The post 米Anker、単ポート最大140W＆2ポート合計300Wの出力に加え、2ポート合計250W入力での充電に対応したモバイルバッテリー「Anker Prime Power Bank (26K, 300W)」を発表。 first appeared on AAPL Ch..",2025-09-04
"Strava updates Apple Watch app, introduces Live Segments","If you’re a Strava user, you know this has been a long time coming. The company has completely redesigned its Apple Watch app, in an update that introduces Live Segments. Here’s how it works.



 more…",2025-09-04
We Are Rewind’s GB-001 Uses Analog Power to Finally Solve Digital Audio Fatigue,We Are Rewind’s GB-001 Uses Analog Power to Finally Solve Digital Audio FatigueSpotify’s endless shuffle leaves you scrolling past the same algorithmic recommendations. Apple Music’s curated playlists feel disconnected from your actual taste. Your carefully a…,2025-09-04
iOS 768: iOS 26 Overview - Bold UI Shifts & Intriguing New Features!,"Before you dive into iOS 26, get an honest look at which headline features actually improve daily life and which might have you pulling over to reset your music settings. From call screening that outsmarts spam to camera modes that outsmart users, Rosemary Or…",2025-09-04
Why Wall Street honchos are terrified about the NYC mayoral race,"The big bet among Big Apple power brokers is when – not if – Eric Adams will drop out of the NYC mayor’s race, On The Money has learned. And GOP hopeful Curtis Sliwa says he’s staying in.…",2025-09-04
Learn from a virtual teacher with this highly rated language app,"This app uses speech recognition and virtual reality to take language learning to a new level. Save on Mondly (all 41 languages).
(via Cult of Mac - Your source for the latest Apple news, rumors, analysis, reviews, how-tos and deals.)",2025-09-04
What would actually make the Apple Watch better?,"I've been thinking ahead to Apple's big event next Tuesday. I'll be sitting in Apple's Steve Jobs theater, ready to live blog. Tim Cook will pop out for a brief moment to wave hello. I'll probably nod to my colleagues in the theater with me - we've already su…",2025-09-04
How to watch Guatemala vs El Salvador match in the USA: Live Stream and TV for CONCACAF World Cup Qualifiers,"Guatemala face El Salvador in a Matchday 1 clash of the CONCACAF World Cup Qualifiers third round. Find out here how to watch all the action live in the USA through multiple TV and streaming platforms.
 
Here are all of the details of where you can watch Guat…",2025-09-04
"I've not bought an iPhone since 2012, but Apple could win me back in one key area",My last iPhone was the iPhone 5 – here's what Apple needs to do to win me back.,2025-09-04
‘Highest 2 Lowest’ is now streaming—How to watch new Spike Lee movie for free,"The new film, a co-production between A24 and Apple, is heading to Apple's streamer.",2025-09-04
Apple Arcade scores big with NFL Retro Bowl '26,"If you’re looking for something new to play this fall, Apple Arcade is set to add three new games on September 4, headlined by NFL Retro Bowl ‘26. This latest entry in the much-loved pixelated football series combines the nostalgia of retro sports titles with…",2025-09-04
Boston Blue: Danny Reagan Clashes With His New Partner (at Gunpoint!) in First Trailer for Blue Bloods Spinoff,"Danny Reagan isn’t exactly getting off on the right foot with his new partner. CBS has released the first trailer for Blue Bloods spinoff Boston Blue, with Donnie Wahlberg reprising his role as police detective Danny, who moves from the Big Apple to Beantown.…",2025-09-04
Aukey's MagFusion Ark Brings 25W Qi2.2 Charging With Detachable Power Bank Spheres,"Aukey today introduced the MagFusion Ark, a modular wireless charger that supports the faster Qi2.2 specification. The MagFusion Ark can charge an iPhone at up to 25W, matching the speed of Apple's MagSafe 2 chargers when paired with an ‌iPhone‌ that supports…",2025-09-04
Apple's Foldable iPhone Could Feature The All-Screen Design We've Been Waiting For,"Rumors about Apple moving the selfie camera and Face ID under the display have been floating around for years, but it might finally happen soon.",2025-09-04
Apple Music Lets You Transfer Playlists From Spotify Now. Why You May Want To,Apple Music's latest feature makes it easier to switch services and juggle multiple music platforms.,2025-09-04
"This M4 Mac Mini Is Small, Fast and Surprisingly Affordable","Of all the Apple products I've tried, the M4 Mac Mini delivers the most for my money.",2025-09-04
"米Anker、単ポート最大140WでUSB-Aポートをなくしアプリに対応させた3ポートUSB-C充電器「Anker Prime Charger (160W, 3 Ports, Smart Display)」を発表。","米Ankerが単ポート最大140WでUSB-Aポートを廃止した3ポートUSB-C充電器「Anker Prime Charger (160W, 3 Ports, Smart Display)」を発表しています。詳細は以下 […]
The post 米Anker、単ポート最大140WでUSB-Aポートをなくしアプリに対応させた3ポートUSB-C充電器「Anker Prime Charger (160W, 3 Ports, Smart Display)」を発表。 first appeared on AAPL Ch..",2025-09-04
Feds charge two for 'harboring' undocumented immigrants inside two St. Peters homes,"Federal officials also raided the Golden Apple Buffet, a restaurant in a shopping center in St. Peters.",2025-09-04
Cerence AI files patent infringement suit against Apple,"See the rest of the story here.

thefly.com provides the latest financial news as it breaks. Known as a leader in market intelligence, The Fly's real-time, streaming news feed keeps individual investors, professional money managers, active traders, and corpor…",2025-09-04
Cerence AI Files Patent Infringement Suit Against Apple,Cerence AI today announced the filing of a patent infringement lawsuit against Apple Inc.......,2025-09-04
"Wall Street's new semiconductor obsession, Broadcom, still has one thing that few other chipmakers company have","Broadcom's (AVGO) $730 billion rally from April lows might not be over just yet. And if its Thursday earnings are any indication, nor is the AI boom.
The chipmaker — which builds chips for companies like Samsung, Google, and Apple — reported 22% revenue growt…",2025-09-04
These New Games Were Added to Apple Arcade Today,"Three more games were added to Apple Arcade today, including new NFL and Jeopardy! titles.





Just in time for the start of the upcoming NFL season today, NFL Retro Bowl '26 features authentic NFL players and rosters with retro styling. In this year's versi…",2025-09-04
Investors Score the US-v.-Google Remedies Ruling a Win for Google and Apple,,2025-09-04
What the 2025 US Open says about the future of tennis,"Every August, New York City becomes the headquarters for all things tennis<a href=""https://www.usopen.org/index.html""target=""_blank""   > thanks to the U.S. Open.</a>And a lot has happened for the sport in the Big Apple. <br><br>This year marks 75 since <a hre…",2025-09-04
Got a great browser interoperability idea? Apple wants to hear from you,"Entries are now open for Interop 2026, a yearly effort where anyone, from users to web developers, can submit their best ideas to improve cross-browser interoperability. Here’s how to participate.



 more…",2025-09-04
"米Anker、アクティブクーリングシステムを搭載しQi2 25Wワイヤレス充電やアプリにも対応した「Anker Prime Wireless Charging Station (3-in-1, MagGo, AirCool, Dock Stand)」を発表。","米AnkerがQi2 25Wワイヤレス充電に対応した「Anker Prime Wireless Charging Station (3-in-1, MagGo, AirCool, Dock Stand)」を発表していま […]
The post 米Anker、アクティブクーリングシステムを搭載しQi2 25Wワイヤレス充電やアプリにも対応した「Anker Prime Wireless Charging Station (3-in-1, MagGo, AirCool, Dock Stand)」を発表。 first …",2025-09-04
"Ex-Apple CEO sells oceanfront Palm Beach estate for $37M, $18M off original listing price","Ex-Apple CEO John Sculley and his wife, Diane Sculley, sold their oceanfront Palm Beach estate for $37 million. It marks a $17.9 million discount off their January listing price. The couple sold the home at 1214 North Ocean Boulevard earlier this week, Zillow…",2025-09-04
"Apple’s winning AI strategy might come down to three simple words, per CNBC","Earlier this week, Apple received good news when a judge ruled that its lucrative search deal with Google could continue. And per CNBC, the ruling offers Apple a simple, but winning path forward for the iPhone in AI centered around three words: “pay to play.”…",2025-09-04
"Democrats' disastrous ""plan"": listen rather than lead","Political scientist Jacob Hacker acknowledges what's morphed from a mere truthful inconvenience to a monstrously debilitating disease: ""[The Democratic Party] has proved extremely ill suited to the present challenge.""The opposition is ""built for ... normal po…",2025-09-04
"This already-affordable device checks blood oxygen and pulse rate, now just $8 for Prime members","Vibeat Blood Oxygen and Pulse Rate Monitor



Buy for $8 (Reg. $10)



Prime-exclusive discount














What we love




If you have someone in your family that would like to tap into blood oxygen and pulse rate readings, this affordable little devic…",2025-09-04
Last-minute iPhone 17 Pro leak reveals big battery boost and power upgrade,"iPhone 17 Pro battery life: The upcoming iPhone 17 Pro series may bring significant enhancements. Leaks suggest longer battery life and better performance. The iPhone 17 Pro Max might feature a 5,000 mAh battery. A new A19 Pro chip could improve power efficie…",2025-09-04
Apple TV+ releases season 3 trailer for Eugene Levy’s ‘The Reluctant Traveler’,"Since 2023, Eugene Levy’s ‘The Reluctant Traveler’ has taken Apple TV+ subscribers through journeys across the globe. Now, for season 3, he’s bringing a few famous friends along as he crosses a few destinations and experiences off his bucket list. Watch the t…",2025-09-04
Bose QuietComfort Ultra Earbuds (2nd Gen) vs. Sony WF-1000XM5 vs. Apple AirPods Pro 2: Which Buds Are Best?,"The second-gen QuietComfort Ultra Earbuds from Bose bring new noise-cancellation tech to a three-way battle for earphone supremacy. We've tested the Bose, Sony's venerable WF-1000XM5, and Apple's AirPods Pro 2; here's how they stack up.
Price: A Wider Gap Tha…",2025-09-04
"Rumor Replay: iPhone Fold, AirPods Pro 3 features, and more","This is Rumor Replay, a weekly column at 9to5Mac offering a quick rundown of the most recent Apple product rumors, with analysis and commentary. Today: iPhone Fold rumors, iPhone 17 Pro thermals and case curiosity, AirPods Pro 3 features, and more. Here are t…",2025-09-04
How to watch Argentina vs Venezuela match in the USA: Live Stream and TV for CONMEBOL World Cup Qualifiers,"Argentina will take on Venezuela in a Matchday 17 clash of the CONMEBOL World Cup Qualifiers. Find out here how to watch all the action live in the USA through multiple TV and streaming platforms.
 
Here are all of the details of where you can watch Argentina…",2025-09-04
How to watch Colombia vs Bolivia match in the USA: Live Stream and TV for CONMEBOL World Cup Qualifiers,"Colombia take on Bolivia in a Matchday 17 clash of the CONMEBOL World Cup Qualifiers. Find out here how to watch all the action live in the USA through multiple TV and streaming platforms.
 
Here are all of the details of where you can watch Colombia vs Boliv…",2025-09-04
Substack IAP,"Substack (Hacker News): The Substack app drives more than 30% of all paid subscriptions, making it a major source of discovery and discussion. Until now, however, it hasn’t always been possible to upgrade to a paid subscription directly in the app.That’s chan…",2025-09-04
Trump's Meeting of Tech Leaders Has a Notable Absence,"President Trump is hosting America's top tech leaders at a White House dinner Thursday night, with one notable absence. Elon Musk, who had a very public falling-out with the president in June, is not on a list of guests that includes Apple CEO Tim Cook, Meta …",2025-09-04
Apple Watch Series 11 to debut next week — here’s the upgrade fans can’t stop talking about,"Apple is getting ready to release Watch Series 11, launching alongside watchOS 26, promising significant health and fitness advancements. According to Bloomberg’s Mark Gurman, the Health app, code-named Project Mulberry, offers actionable insights and feature…",2025-09-04
"Donald Trump Snubs Elon Musk Yet Again, Invites All of His Biggest Competitors to the White House","President Donald Trump is throwing a major party in the White House's recently paved-over Rose Garden for some of the biggest names in tech — but billionaire Elon Musk's name isn't on the list. As The Hill first reported, the upcoming event will see high-prof…",2025-09-04
Apple Watch (AAPL) Blood Oxygen Feature Reintroduced in US After Legal Battle,"Apple Inc. (NASDAQ:AAPL) is placed 4th on our list of the best stocks to buy. On August 14, Apple announced that it is restoring the blood oxygen tracking...",2025-09-04
iPhone 17 Air’s Starting Price Might Not Appeal To Many For The Trade-Offs It Comes With; No 128GB Storage Model At Launch,"On September 9, Apple is scheduled to introduce a major ‘shake up’ to its iPhone 17 launch, as the company’s ‘Plus’ variant is expected to be replaced by an ‘Air’ version that is reported to flaunt the slimmest chassis from the company’s entire lineup. As you…",2025-09-04
Apple iPhone 17 Launch: How To Watch Tuesday’s Special Event,"With so many products expected to be launched at Apple’s special event on Tuesday, Sept. 9, it’s wise to be clued up now, so you'll know how you’re going to watch.",2025-09-04
Jim Cramer: Apple is well-positioned even without its own AI tech,"Jim Cramer explained why he believes Apple is poised for even more Big Tech success, even without its own advanced AI technology…
The post Jim Cramer: Apple is well-positioned even without its own AI tech appeared first on MacDailyNews.",2025-09-04
Our favorite portable charging station is on sale for under $35 today,"Macworld







If you’ve been looking for a cool and compact way to keep your phone and earbuds charged while you’re working at your desk, then this Ugreen MagFlow charging station is the right pick for you. With a 30% discount, you can get this Ugreen MagF…",2025-09-04
Show HN: Sequoia – App to Improve Male Sexual Health Without Pills,"Hey HN,I’m Aliaksei Saskevich, CTO & Software Engineer at Sequoia Health. My team and I have built an iOS app to help men improve their sexual health through lifestyle changes and guided exercises — no medications involved.We noticed that many men struggle to…",2025-09-04
Cerence files patent infringement complaint against Apple,"See the rest of the story here.

thefly.com provides the latest financial news as it breaks. Known as a leader in market intelligence, The Fly's real-time, streaming news feed keeps individual investors, professional money managers, active traders, and corpor…",2025-09-04
The tech antitrust renaissance may already be over - The Verge,"The tech antitrust renaissance may already be overThe Verge  The Landmark Google Antitrust RulingThe New York Times  BusinessThe Economist  Google's statement on Sept 2025 Search DOJ decisionThe Keyword  Apple dodged a $20 billion hit, thanks to Google antitr…",2025-09-04
"米Anker、最大140Wでデバイスを充電しつつDisplayLinkチップによる8K/4K/4Kのトリプルディスプレイ出力が可能なドック「Anker Prime Docking Station (14-in-1, Triple Display, DisplayLink)」を発表。","米Ankerが最大140W出力でDisplayLinkチップを搭載しトリプルディスプレイ出力が可能なドック「Anker Prime Docking Station (14-in-1, Triple Display, D […]
The post 米Anker、最大140Wでデバイスを充電しつつDisplayLinkチップによる8K/4K/4Kのトリプルディスプレイ出力が可能なドック「Anker Prime Docking Station (14-in-1, Triple Display, DisplayLink)…",2025-09-04
Is Amazon or Apple more resilient in a slowdown? Dan Ives answers your top questions,Is Amazon or Apple more resilient in a slowdown? Dan Ives answers your top questions in a game of “This or That” #apple ...,2025-09-04
"RealGM Radio: Danny Cunningham, Haize On The Central Division","The NBA's Central Division is one of the most competitive in the NBA. Wes Goldberg and guests Danny Cunningham and Haize dissect offseason moves, potential lineups, and bold predictions for the Cavaliers, Pacers, Bucks, Bulls and Pistons.
From Tyrese Haliburt…",2025-09-04
Trouble for Argentina? From Lionel Messi’s ally Rodrigo De Paul to Julian Alvarez: 10 Argentina stars risk missing key Ecuador match,"Ten key members of the squad are one booking away from suspension, meaning they risk missing Tuesday’s qualifier against Ecuador.
 When Argentina takes the field in Buenos Aires on Thursday, the atmosphere will be unlike any other. The reigning world champion…",2025-09-04
Lawsuit over Roblox emote of Charli XCX Apple dance is 'amicably resolved',The emote had been added as part of a Dress to Impress update.,2025-09-04
Alleged iPhone 17 video leaks online just days before official Apple unveil,A video leak suggests a new design for the iPhone 17 Pro Max. The phone may feature a full-width camera bar. The design change is a major shift from previous models. The leak shows silver and black finishes. A bronze option is also rumored. Apple is expected …,2025-09-04
AI Daily: Google could get important AI endorsement from Apple,"See the rest of the story here.

thefly.com provides the latest financial news as it breaks. Known as a leader in market intelligence, The Fly's real-time, streaming news feed keeps individual investors, professional money managers, active traders, and corpor…",2025-09-04
2021 Isuzu NRR Rollback Car Hauler,"This 2021 Isuzu NRR was outfitted as a rollback car hauler by Cottrell of Gainesville, Georgia, when new and is equipped with a rollback bed, a winch, 19.5"" wheels, and a dually rear axle. Power is from a 5.2-liter turbodiesel inline-four that is paired with …",2025-09-04
"iOS 26 adds seven brand new iPhone ringtones, listen here","The iPhone’s default ringtone is highly recognizable, but in iOS 26 Apple has a lot of alternate options coming. There are seven brand new ringtones, most of which are remixed versions of the familiar default. Listen to all of the new iPhone ringtones below.
…",2025-09-04
Indie Film Release Guide: September 5th [An ONTD Original],"The newest edition of The Conjuring is upon us, and should provide a much needed shot in the arm of the lagging box office. And the pro-shot version of Hamilton is finally getting its long awaited theatrical release, so if you’re seeing an uptick in theater k…",2025-09-04
"This Electric Shaver Is Made From Aircraft-Grade Aluminium, Because Why Not?","If Apple made an electric razor, it'd probably look exactly like the Laifen T1 Pro.",2025-09-04
Apple Arcade launches NFL Retro Bowl ’26 and more,"Apple Arcade invites players to kick off the NFL season with some retro football fun. NFL Retro Bowl ’26 is launching exclusively on…
The post Apple Arcade launches NFL Retro Bowl ’26 and more appeared first on MacDailyNews.",2025-09-04
"Google may get important AI endorsement from Apple, says BofA","See the rest of the story here.

thefly.com provides the latest financial news as it breaks. Known as a leader in market intelligence, The Fly's real-time, streaming news feed keeps individual investors, professional money managers, active traders, and corpor…",2025-09-04
Good-looking iPhone stand also charges Apple Watch and AirPods [Review] ★★★★☆,"Put your iPhone on the Lululook Ultra-Rise Qi2 3-in-1 Wireless Charging Station to charge it at up to 15W, or to watch videos, make calls… whatever you need. Plus, the stand powers up your Apple Watch and AirPods at the same time. And it looks great on your d…",2025-09-04
